<?xml version="1.0" encoding="UTF-8"?>
<!DOCTYPE targetDefinitions [ 
	<!ELEMENT targetDefinitions (board)>
	<!ELEMENT board (name, dbgIF+, dbgDEV, mcuId)>
	<!ELEMENT name (#PCDATA)>
	<!ELEMENT dbgIF (#PCDATA)>
	<!ELEMENT dbgDEV (#PCDATA)>
	<!ELEMENT mcuId (#PCDATA)>
	<!ATTLIST board id CDATA #REQUIRED>
]>

<targetDefinitions>
  <board id="b-l475e-iot01a">
    <name>B-L475E-IOT01A</name>
    <dbgIF>SWD</dbgIF>
    <dbgIF>JTAG</dbgIF>
    <dbgDEV>ST-Link</dbgDEV>
    <mcuId>stm32l475vgtx</mcuId>
  </board>
</targetDefinitions>
